sale_year,sale_month,total_orders,total_revenue
2024,1,31,29096.640000000007
2024,2,29,21606.74
2024,3,31,25698.48
2024,4,30,24903.379999999994
2024,5,31,16910.979999999992
2024,6,30,14769.099999999991
2024,7,31,13594.159999999996
2024,8,27,14556.219999999994
