payment_method,usage_count,total_spent
"Credit Card",240,102341.72000000015
PayPal,160,42536.120000000024
"Debit Card",80,16257.85999999999
