region,total_orders,total_revenue
"North America",80,73688.68000000007
Asia,80,44910.899999999994
Europe,80,42536.119999999995
